{
  "overall": {
    "mse": 0.015408458057955016,
    "r2": 0.8579161244122858
  },
  "dimensions": {
    "thought_identification": {
      "mse": 0.0005171077722237684,
      "r2": 0.9488490553780022
    },
    "emotion_exploration": {
      "mse": 0.004230827797500558,
      "r2": 0.9134436984863282
    },
    "distortion_identification": {
      "mse": 0.015500641867672431,
      "r2": 0.7668513366397565
    },
    "evidence_gathering": {
      "mse": 0.02063767635930626,
      "r2": 0.8227466515848478
    },
    "balanced_thinking": {
      "mse": 0.03615603649307203,
      "r2": 0.837689879972495
    }
  }
}